{
  "$schema": "./node_modules/@nrwl/schematics/src/schema.json",
  "project": {
    "name": "flight-workspace",
    "npmScope": "flight-workspace",
    "latestMigration": "20180103-update-command-line-scripts"
  },
  "e2e": {
    "protractor": {
      "config": "./protractor.conf.js"
    }
  },
  "lint": [
    {
      "project": "./tsconfig.spec.json",
      "exclude": "**/node_modules/**"
    },
    {
      "project": "apps/flight-app/src/tsconfig.app.json",
      "exclude": "**/node_modules/**"
    },
    {
      "project": "apps/flight-app/e2e/tsconfig.e2e.json",
      "exclude": "**/node_modules/**"
    }
  ],
  "test": {
    "karma": {
      "config": "./karma.conf.js"
    }
  },
  "defaults": {
    "schematics": {
      "collection": "@nrwl/schematics",
      "postGenerate": "npm run format",
      "newProject": [
        "app",
        "lib"
      ]
    },
    "styleExt": "css",
    "component": {}
  },
  "warnings": {
    "typescriptMismatch": false
  },
  "apps": [
    {
      "name": "flight-app",
      "root": "apps/flight-app/src",
      "outDir": "dist/apps/flight-app",
      "assets": [
        "assets",
        "favicon.ico"
      ],
      "index": "index.html",
      "main": "main.ts",
      "polyfills": "polyfills.ts",
      "test": "../../../test.js",
      "tsconfig": "tsconfig.app.json",
      "testTsconfig": "../../../tsconfig.spec.json",
      "prefix": "app",
      "styles": [
        "styles.css"
      ],
      "scripts": [],
      "environmentSource": "environments/environment.ts",
      "environments": {
        "dev": "environments/environment.ts",
        "prod": "environments/environment.prod.ts"
      }
    },
    {
      "name": "flight-api",
      "root": "libs/flight-api/src",
      "test": "../../../test.js",
      "appRoot": ""
    },
    {
      "name": "logger",
      "root": "libs/logger/src",
      "test": "../../../test.js",
      "appRoot": ""
    }
  ]
}
